id	tema	detalle
1	Políticas educativas	
2	Educación y desigualdad	Condiciones, factores, procesos que afectan la igualdad educativa.
3	Representaciones sobre la escuela	Representaciones y sentidos sobre la escuela y el mundo extraescolar relacionado con la escuela
4	Enseñanza y aprendizaje y curriculum	
5	Trayectorias educativas, transiciones entre niveles. Orientación escolar	
6	Profesores	Condiciones de inserción profesional. Representaciones de profesores sobre la docencia.
7	Cuerpo, género, sexualidad	Prácticas de enseñanza, representaciones.
8	Educación no formal, Educación Popular, movimientos sociales	
9	Historia de la educación	Historia del nivel secundario, disciplinas, profesorado, etc.
10	Evaluación	Evaluación didáctica y de sistema educativo, que abarcan al nivel secundario
11	Institución y gestión escolar	Gestión/dirección escolar, inspección del nivel. Dispositivos institucionales, tutorías. Relación familias-escuela. Cambios y adaptaciones institucionales
12	Salud y escuela	Prevención y promoción de la salud, relación de la escuela con el sistema de Salud, etc.
13	Modalidades	Varios sobre modalidades
31	Vínculos y convivencia escolar	Convivencia, violencia, sociabilidad, autoridad; regulaciones sobre la convivencia escolar.
32	Tecnologías de la Información y la Comunicación (TIC)	Enseñanza y aprendizaje de y con TICS. Incluye temas de políticas para el uso de TIC en el aula
