id	sigla	nombre	detalle
1	MET	Metropolitana	Universidades ubicadas en la región metropolitana de Buenos Aires. Se incluyen también las investigaciones llevadas a cabo por el Ministerio de Educación de la Ciudad de Buenos Aires.
2	BON	Bonaerense	Universidades ubicadas en territorio bonaerense no metropolitano. Se incluyen también las investigaciones de la Dirección General de Cultura y Educación de la Provincia de Buenos Aires
3	COES	Centro-Oeste	Universidades ubicadas en las provincias de Córdoba, Mendoza, La Rioja, San Juan y San Luis
4	CES	Centro-Este	Universidades ubicadas en las provincias de Entre Ríos y Santa Fe
5	SUR	Patagonia	Universidades ubicadas en las provincias de Chubut, Neuquén, La Pampa, Río Negro, Santa Cruz y Tierra del Fuego
6	NEA	Noreste	Universidades ubicadas en las provincias de Chaco, Corrientes, Formosa y Misiones
7	NOA	Noroeste	Universidades ubicadas en las provincias de Salta, Jujuy, Catamarca, Santiago del Estero y Tucumán
8	Nación	Nación	Corresponde a estudios/investigaciones del Ministerio de Educación de la Nación
10	EXT	Extranjero/a	
