id	nombre	sigla
1	UNIVERSIDAD NACIONAL DEL CENTRO	UNICEN
2	UNIVERSIDAD NACIONAL DE LA PLATA	UNLP
3	UNIVERSIDAD NACIONAL DE MAR DEL PLATA	UNMDP
4	UNIVERSIDAD NACIONAL DEL NOROESTE DE LA PCIA. DE BUENOS AIRES	UNNOBA
5	UNIVERSIDAD NACIONAL DEL SUR	UNS
6	UNIVERSIDAD NACIONAL DE LUJÁN	UNLu
7	UNIVERSIDAD DE BUENOS AIRES	UBA
8	UNIVERSIDAD NACIONAL ARTURO JAURETCHE	UNAJ
9	UNIVERSIDAD NACIONAL DE AVELLANEDA	UNDAV
10	UNIVERSIDAD NACIONAL DE GRAL. SAN MARTÍN	UNSAM
11	UNIVERSIDAD NACIONAL DE GRAL. SARMIENTO	UNGS
12	UNIVERSIDAD NACIONAL DE LA MATANZA	UNLaM
13	UNIVERSIDAD NACIONAL DE LANÚS	UNLa
14	UNIVERSIDAD NACIONAL DE LOMAS DE ZAMORA	UNLZ
15	UNIVERSIDAD NACIONAL DE QUILMES	UNQ
16	UNIVERSIDAD NACIONAL DE TRES DE FEBRERO	UNTREF
17	UNIVERSIDAD PEDAGÓGICA	UNIPE
18	FACULTAD LATINOAMERICANA DE CIENCIAS SOCIALES	FLACSO
19	UNIVERSIDAD CATÓLICA ARGENTINA	UCA
20	UNIVERSIDAD ABIERTA INTERAMERICANA	UAI
21	UNIVERSIDAD DEL SALVADOR	USAL
22	UNIVERSIDAD DE BELGRANO	UB
23	UNIVERSIDAD DE MORÓN	UM
24	UNIVERSIDAD DE SAN ANDRÉS	UDESA
25	UNIVERSIDAD NACIONAL DE CÓRDOBA	UNC
26	UNIVERSIDAD NACIONAL DE CUYO	UNCuyo
27	UNIVERSIDAD NACIONAL DE LA RIOJA	UNLaR
28	UNIVERSIDAD NACIONAL DE RÍO CUARTO	UNRC
29	UNIVERSIDAD NACIONAL DE SAN LUIS	UNSL
30	UNIVERSIDAD NACIONAL DE SAN JUAN	UNSJ
31	UNIVERSIDAD NACIONAL DE VILLA MARÍA	UNVM
32	UNIVERSIDAD CATÓLICA DE CÓRDOBA	UCC
33	UNIVERSIDAD CATÓLICA DE CUYO	UCCuyo
34	UNIVERSIDAD NACIONAL DE ENTRE RÍOS	UNER
35	UNIVERSIDAD NACIONAL DEL LITORAL	UNL
36	UNIVERSIDAD NACIONAL DE ROSARIO	UNR
37	UNIVERSIDAD AUTÓNOMA DE ENTRE RÍOS	UADER
38	UNIVERSIDAD CATÓLICA DE SANTA FE	UCSF
39	UNIVERSIDAD NACIONAL DE FORMOSA	UNF
40	UNIVERSIDAD NACIONAL DE MISIONES	UNAM
41	UNIVERSIDAD NACIONAL DEL NORDESTE	UNNE
42	UNIVERSIDAD NACIONAL DE CATAMARCA	UNCa
43	UNIVERSIDAD NACIONAL DE JUJUY	UNJu
44	UNIVERSIDAD NACIONAL DE SALTA	UNSa
45	UNIVERSIDAD NACIONAL SANTIAGO DEL ESTERO	UNSE
46	UNIVERSIDAD NACIONAL DE TUCUMÁN	UNT
47	UNIVERSIDAD NACIONAL DEL COMAHUE	UNComa
48	UNIVERSIDAD NACIONAL DE LA PAMPA	UNLPam
49	UNIVERSIDAD NACIONAL DE LA PATATAGONIA SAN JUAN BOSCO	UNPSJB
50	UNIVERSIDAD NACIONAL DE LA PATAGONIA AUSTRAL	UNPA
51	UNIVERSIDAD NACIONAL DE RÍO NEGRO	UNRN
52	UNIVERSIDAD NACIONAL DEL SUR	UNS
53	CENTRO DE ESTUDIOS DE POBLACIÓN	CENEP
54	CENTRO DE ESTUDIOS SOBRE CIENCIA, DESARROLLO Y EDUCACIÓN SUPERIOR	Centro Redes
55	CENTRO DE IMPLEMENTACIÓN DE POLÍTICAS PÚBLICAS PARA LA EQUIDAD Y EL CRECIMIENTO	CIPPEC
56	CENTRO DE COOPERACIÓN REGIONAL PARA LA EDUCACIÓN DE LOS ADULTOS EN AMÉRICA LATINA Y EL CARIBE	CREFAL
57	FEDERACIÓN DE INSTITUTOS AGROTÉCNICOS PRIVADOS DE LA REPÚBLICA ARGENTINA Y FORO DE LA CADENA AGROINDUSTRIAL ARGENTINA	FEDIAP
58	CONSEJO NACIONAL DE INVESTIGACIONES CIENTÍFICAS Y TÉCNICAS	CONICET
60	INSTITUTO DE DESARROLLO ECONÓMICO	IDES
61	INSTITUTO INTERNACIONAL DE PLANEAMIENTO DE LA EDUCACIÓN	IIPE
62	INSTITUTO DE ENSEÑANZA SUPERIOR OLGA COSSETTINI- Nº 28	
63	INSTITUTO SUPERIOR DE FORMACIÓN DOCENTE Nº 804 - PROVINCIA DEL CHUBUT	
64	DIRECCIÓN GENERAL DE CULTURA Y EDUCACIÓN. PROVINCIA DE BUENOS AIRES	
65	MINISTERIO DE EDUCACIÓN DE LA NACIÓN	
66	MINISTERIO DE EDUCACIÓN DE LA PROVINCIA DE TUCUMÁN	
67	FONDO DE LAS NACIONES UNIDAS PARA LA INFANCIA	UNICEF
68	CENTRO DE APOYO AL DESARROLLO LOCAL	CEADEL
69	UNIVERSIDAD NACIONAL DE MORENO	UNMoreno
70	MINISTERIO DE EDUCACIÓN DE LA PROVINCIA EL CHACO	
71	ORGANIZACIÓN DE ESTADOS IBEROAMERICANOS	OEI
72	FUNDACIÓN CIMIENTOS	
73	MINISTERIO DE EDUCACIÓN DE LA PROVINCIA DE CÓRDOBA	
74	ORGANIZACIÓN DE LAS NACIONES UNIDAS PARA LA EDUCACIÓN, LA CIENCIA Y LA CULTURA	UNESCO
75	FUNDACIÓN DR. PLACIDO MARIN	
76	UNIVERSIDAD DEL MUSEO SOCIAL ARGENTINO	UMSA
77	UNIVERSIDAD TORCUATO DI TELLA	UTDT
78	ESCUELA SUPERIOR DE ECONOMÍA Y ADMINISTRACIÓN DE EMPRESAS	ESEADE
79	MINISTERIO DE EDUCACIÓN, CIENCIA Y TECNOLOGÍA DE LA PROVINCIA DE LA RIOJA	
80	MINISTERIO DE EDUCACIÓN. GOBIERNO DE LA CIUDAD DE BUENOS AIRES	ME-CABA
81	EUROSOCIAL	EUROSOCIAL
82	FUNDACIÓN SES	SES
83	PROGRAMA DE PROMOCIÓN DE LA REFORMA EDUCATIVA EN AMÉRICA LATINA Y EL CARIBE	PREAL
84	FUNDACIÓN SANTILLANA	FUNDACIÓN SANTILLANA
85	CONFEDERACIÓN DE TRABAJADORES DE LA EDUCACIÓN	CTERA
86	CENTRO CULTURAL DE LA COOPERACIÓN "FLOREAL GORINI"	CCC
87	INSTITUTE FOR INTERNATIONAL STUDIES IN EDUCATION- UNESCO PARÍS	IISE UNESCO
88	UNIVERSIDAD NACIONAL DE TIERRA DEL FUEGO, ANTÁRTIDA E ISLAS DEL ATLÁNTICO SUR	UNTDF
89	UNIVERSIDAD AUSTRAL	UNIV. AUSTRAL
90	UNIVERSIDAD ADVENTISTA DEL PLATA	UAP
91	CENTRO DE ESTUDIOS E INVESTIGACIÓN EN CIENCIAS SOCIALES	CEICS
92	MINISTERIO DE EDUCACIÓN. PROVINCIA DE LA PAMPA	ME-LA PAMPA
93	MINISTERIO DE SALUD, GOBIERNO DE LA CIUDAD DE BUENOS AIRES	MINISTERIO SALUD - CABA
94	UNIÓN DE EDUCADORES DE LA PROVINCIA DE CÓRDOBA	UEPC
95	UNIVERSIDAD EXTRANJERA	
96	ACADEMIA NACIONAL DE EDUCACIÓN	
97	UNIVERSIDAD NACIONAL DEL OESTE	UNO
98	UNIVERSIDAD PROVINCIAL DE CÓRDOBA	UPC
99	INSTITUTO UNIVERSITARIO PATAGÓNICO DE LAS ARTES	IUPA
100	INSTITUTO PATAGÓNICO DE ESTUDIOS DE HUMANIDADES Y CIENCIAS SOCIALES	IPEHCS
101	FUNDACIÓN KALEIDOS	
102	INSTITUTO SUPERIOR DE FORMACIÓN DOCENTE N° 21	ISFD N° 21
103	COMISIÓN ECONÓMICA PARA AMÉRICA LATINA Y EL CARIBE	CEPAL
104	UNIVERSIDAD NACIONAL DE JOSÉ CLEMENTE PAZ	UNPAZ
105	FUNDACIÓN QUÁNTITAS	
106	CENTRO DE ESTUDIO DE ESTADO Y SOCIEDAD	CEDES
107	INSTITUTO DE INVESTIGACIONES SOBRE EL LENGUAJE Y LA CULTURA	INVELEC
108	UNIVERSIDAD DEL GRAN ROSARIO	UGR
109	MINISTERIO DE PRODUCCIÓN, CIENCIA Y TECNOLOGÍA	
110	UNIVERSIDAD BLAS PASCAL	UBP
111	FUNDACIÓN TELEFÓNICA	
