id	sigla	detalle
1	NEA	Corrientes - Chaco - Formosa - Misiones
2	NOA	Salta – Tucumán – Catamarca - Jujuy - Santiago del Estero
3	CUYO	La Rioja – Mendoza - San Juan - San Luis
4	SUR	La Pampa – Neuquén - Río Negro – Chubut - Santa Cruz - Tierra del Fuego
5	CENTRO	Córdoba - Santa Fe - Entre Ríos - Buenos Aires - Ciudad Autónoma de Buenos Aires
6	OTROS	Cuando no se especifica la localización de la institución
7	Nación	Corresponde a estudios/investigaciones del Ministerio de Educación de la Nación
8	EXT	Extranjero/a
