id	clasificaciones_id	detalle	nombre
4a	4	Enseñanza y aprendizaje. Representaciones de estudiantes y docentes sobre estas disciplinas	Matemática/Física/Biología/Medio ambiente
4b	4	Enseñanza, aprendizaje en Ciencia y Tecnología	Ciencia y Tecnología, Argumentación científica
4c	4	Enseñanza y aprendizaje de y con TICS. Incluye temas de políticas para el uso de TIC en el aula	Tecnologías de la Información y la Comunicación (TICs)
4d	4	Enseñanza y aprendizaje. Representaciones de estudiantes y docentes sobre la disciplina.	Educación Física
4e	4	Enseñanza y aprendizaje. Representaciones entre estudiantes y docentes sobre ciudadanía, nación, etc.	Ciudadanía
4f	4	Representaciones entre estudiantes sobre Historia. Concepciones, conocimiento histórico, memoria sobre la última dictadura. Dispositivos didácticos de enseñanza. Textos escolares para enseñanza de la Historia.	Historia
4g	4	Enseñanza y aprendizaje. Representaciones entre estudiantes y docentes sobre la disciplina.	Geografía
4h	4	Enseñanza y aprendizaje. Representaciones entre estudiantes y docentes sobre la disciplina.	Filosofía
4i	4	Enseñanza y aprendizaje. Incluye lenguas extranjeras.	Escritura y comprensión lectora
4j	4	Enseñanza y aprendizaje. Representaciones entre estudiantes y docentes sobre la disciplina.	Literatura
4k	4	Enseñanza y aprendizaje. Representaciones entre estudiantes y docentes sobre las disciplinas.	Disciplinas artísticas
4l	4	Dispositivos pedagógicos y configuraciones didácticas sin especificación disciplinaria. Temas sobre curriculum o reformas curriculares.	Dispositivos pedagógicos y curriculum
5a	5	Trayectorias y transiciones escuela secundaria y universidad. Orientación hacia estudios superiores. Trayectorias educativas que abarcan a ambos niveles.	Escuela Secundaria-Universidad
5b	5	Trayectorias y transiciones escuela secundaria-trabajo. Experiencias de articulación con el mundo del trabajo. Estudios sobre formación/competencias/trayectos laborales en el nivel.	Escuela Secundaria-Trabajo
5c	5	Temas que abordan el estudio, el trabajo y otros factores que inciden en trayectorias. Dispositivos de “orientación” para estudiantes nivel secundario.	Generales sobre trayectorias estudiantiles
